# Session measurement: 2026-09-11; Apple M5; arm64; macOS 26.6.2
# Compiler: Apple LLVM 21.0.0 (clang-2100.1.1.101)
# Flags: -std=c++17 -O3 -ffp-contract=off; single-thread CPU; no GPU measurements
variant,tile,N,repeats,min_ms,median_ms,max_ms,gflops,max_abs_error,checksum
ijk,0,128,5,0.76925,0.772708,0.778458,5.428058206,2.992522997e-07,0.05869690608
ikj,0,128,5,0.106208,0.117834,0.135417,35.59502351,2.992522997e-07,0.05869690608
blocked,16,128,5,0.232125,0.23275,0.242208,18.02064017,2.992522997e-07,0.05869690608
blocked,32,128,5,0.205334,0.209333,0.224916,20.03651598,2.992522997e-07,0.05869690608
blocked,64,128,5,0.137208,0.145375,0.189541,28.85161823,2.992522997e-07,0.05869690608
ijk,0,256,5,9.338625,9.365792,10.066875,3.582658253,6.739607595e-07,-1.678997558
ikj,0,256,5,0.977916,0.984583,1.321625,34.07984091,6.739607595e-07,-1.678997558
blocked,16,256,5,1.864,1.874375,1.887625,17.90166429,6.739607595e-07,-1.678997558
blocked,32,256,5,1.645208,1.670083,1.687541,20.09147569,6.739607595e-07,-1.678997558
blocked,64,256,5,1.163208,1.202834,1.29425,27.89614527,6.739607595e-07,-1.678997558
ijk,0,512,5,74.000291,77.984291,84.45725,3.44217345,1.332012293e-06,3.991238032
ikj,0,512,5,7.676792,8.566334,9.04725,31.336095,1.332012293e-06,3.991238032
blocked,16,512,5,15.292084,15.450125,17.618542,17.3743226,1.332012293e-06,3.991238032
blocked,32,512,5,13.254334,13.474458,15.662583,19.9217999,1.332012293e-06,3.991238032
blocked,64,512,5,11.722166,11.747375,14.382792,22.85067566,1.332012293e-06,3.991238032
